CREATE TABLE IF NOT EXISTS `hoosk_navigation` (`navSlug` varchar(10) NOT NULL,`navTitle` text NOT NULL,`navHTML` text NOT NULL,`navEdit` text NOT NULL,FULLTEXT KEY `navigationHTML` (`navHTML`)) ENGINE=MyISAM  DEFAULT CHARSET=utf8 DEFAULT COLLATE utf8_general_ci;~

INSERT INTO `hoosk_navigation` (`navSlug`, `navTitle`, `navHTML`, `navEdit`) VALUES('header', 'Header Nav', '<ul class="nav navbar-nav"><li><a href="index.php">Home</a></li><li><a href="/news">News</a></li><li><a href="/contact">Contact</a></li></ul>', '<li class="dd-item" data-href="home" data-title="Home"><a class="right" onclick="var li = this.parentNode; var ul = li.parentNode; ul.removeChild(li);"><i class="fa fa-remove"></i></a><div class="dd-handle">Home</div></li><li class="dd-item" data-href="news" data-title="News"><a class="right" onclick="var li = this.parentNode; var ul = li.parentNode; ul.removeChild(li);"><i class="fa fa-remove"></i></a><div class="dd-handle">News</div></li><li class="dd-item" data-href="contact" data-title="Contact"><a class="right" onclick="var li = this.parentNode; var ul = li.parentNode; ul.removeChild(li);"><i class="fa fa-remove"></i></a><div class="dd-handle">Contact</div></li>');~

CREATE TABLE IF NOT EXISTS `hoosk_page_attributes`( `pageID` int(11) NOT NULL AUTO_INCREMENT, `pagePublished` int(11) NOT NULL, `pageParent` int(11) NOT NULL, `pageTemplate` varchar(250) NOT NULL, `pageBanner` int(11) NOT NULL, `pageURL` varchar(250) NOT NULL, `enableJumbotron` int(1) NOT NULL, `enableSlider` int(1) NOT NULL, `enableSearch` int(11) DEFAULT NULL, `pageUpdated` timestamp NOT NULL DEFAULT CURRENT_TIMESTAMP ON UPDATE CURRENT_TIMESTAMP, PRIMARY KEY (`pageID`)) ENGINE=MyISAM DEFAULT CHARSET=utf8 AUTO_INCREMENT=11 ;~

INSERT INTO `hoosk_page_attributes`(`pageID`, `pagePublished`, `pageParent`, `pageTemplate`, `pageBanner`, `pageURL`, `enableJumbotron`, `enableSlider`, `enableSearch`, `pageUpdated`) VALUES (1, 1, 0, 'home', 0, 'home', 1, 0, 1, '2016-10-10 20:37:15'), (9, 1, 0, 'page', 0, 'contact', 1, 0, NULL, '2015-01-09 07:09:42'), (10, 1, 0, 'news', 0, 'news', 0, 0, 1, '2016-10-10 20:44:01');~

CREATE TABLE IF NOT EXISTS `hoosk_banner` (`slideID` int(11) NOT NULL AUTO_INCREMENT,`pageID` int(11) NOT NULL,`slideImage` varchar(350) NOT NULL,`slideLink` varchar(350) NOT NULL,`slideAlt` varchar(350) NOT NULL,`slideOrder` int(11) NOT NULL,PRIMARY KEY (`slideID`)) ENGINE=MyISAM  DEFAULT CHARSET=utf8 DEFAULT COLLATE utf8_general_ci AUTO_INCREMENT=58;~

CREATE TABLE IF NOT EXISTS `hoosk_page_content` (`pageID` int(11) NOT NULL,`pageTitle` text NOT NULL,`navTitle` text NOT NULL,`pageContent` text NOT NULL,`pageContentHTML` text NOT NULL,  `jumbotron` text NOT NULL, `jumbotronHTML` text NOT NULL, `pageCreated` timestamp NOT NULL DEFAULT CURRENT_TIMESTAMP) ENGINE=MyISAM  DEFAULT CHARSET=utf8 DEFAULT COLLATE utf8_general_ci;~

INSERT INTO `hoosk_page_content` (`pageID`, `pageTitle`, `navTitle`, `pageContent`, `pageContentHTML`, `jumbotron`, `jumbotronHTML`, `pageCreated`) VALUES(1, 'Hoosk Demo', 'Home', '{"data":[{"type":"columns","data":{"columns":[{"width":6,"blocks":[{"type":"heading","data":{"text":"This is the Hoosk demo site.\\n"}},{"type":"text","data":{"text":"Lorem ipsum dolor sit amet, consectetur adipiscing elit. Phasellus quam nisl, sodales id lobortis quis, dapibus quis mauris. Fusce sed placerat risus. Pellentesque imperdiet ex et libero eleifend, ac mattis tortor ultricies. Donec vel ullamcorper purus. Vestibulum dignissim ipsum quis porta finibus.\\n\\n"}},{"type":"text","data":{"text":"Lorem ipsum dolor sit amet, consectetur adipiscing elit. Phasellus quam nisl, sodales id lobortis quis, dapibus quis mauris. Fusce sed placerat risus. Pellentesque imperdiet ex et libero eleifend, ac mattis tortor ultricies. Donec vel ullamcorper purus. Vestibulum dignissim ipsum quis porta finibus.\\n\\n"}}]},{"width":6,"blocks":[{"type":"image_extended","data":{"file":{"url":"http://property.hoosk.org/images/responsive_hoosk.png","filename":"responsive_hoosk.png"},"caption":"Hoosk is responsive","source":""}}]}],"preset":"columns-6-6"}}]}', '<div class=''row''><div class=''col-md-6''><h2>This is the Hoosk demo site.</h2>\n<p>Lorem ipsum dolor sit amet, consectetur adipiscing elit. Phasellus quam nisl, sodales id lobortis quis, dapibus quis mauris. Fusce sed placerat risus. Pellentesque imperdiet ex et libero eleifend, ac mattis tortor ultricies. Donec vel ullamcorper purus. Vestibulum dignissim ipsum quis porta finibus.</p>\n<p>Lorem ipsum dolor sit amet, consectetur adipiscing elit. Phasellus quam nisl, sodales id lobortis quis, dapibus quis mauris. Fusce sed placerat risus. Pellentesque imperdiet ex et libero eleifend, ac mattis tortor ultricies. Donec vel ullamcorper purus. Vestibulum dignissim ipsum quis porta finibus.</p>\n</div><div class=''col-md-6''><img class="img-responsive" src="http://property.hoosk.org/images/responsive_hoosk.png" alt="Hoosk is responsive" />\n</div></div>', '{"data":[{"type":"image_extended","data":{"file":{"url":"http://property.hoosk.org/images/large_logo.png","filename":"large_logo.png"},"caption":"Hoosk Emblem","source":""}},{"type":"image_extended","data":{"file":{"url":"http://property.hoosk.org/images/welcome_to_hoosk.png","filename":"welcome_to_hoosk.png"},"caption":"welcome to hoosk","source":""}},{"type":"text","data":{"text":"This demo resets every half hour, the login details are:\\n\\n"}},{"type":"columns","data":{"columns":[{"width":6,"blocks":[{"type":"text","data":{"text":"Username \\\\- demo\\n\\n"}}]},{"width":6,"blocks":[{"type":"text","data":{"text":"Password \\\\- h00sk\\n\\n"}}]}],"preset":"columns-6-6"}},{"type":"button","data":{"size":"btn-lg","style":"btn-primary","is_block":false,"url":"/admin","null":"0","html":"Login!"}}]}', '<img class="img-responsive" src="http://property.hoosk.org/images/large_logo.png" alt="Hoosk Emblem" />\n<img class="img-responsive" src="http://property.hoosk.org/images/welcome_to_hoosk.png" alt="welcome to hoosk" />\n<p>This demo resets every half hour, the login details are:</p>\n<div class=''row''><div class=''col-md-6''><p>Username &#45; demo</p>\n</div><div class=''col-md-6''><p>Password &#45; h00sk</p>\n</div></div><a href="/admin" class="btn-primary btn-lg">Login!</a>\n', '2014-11-02 16:22:20'),(9, 'Contact', 'Contact', '{"data":[{"type":"heading","data":{"text":"Contact"}},{"type":"text","data":{"text":"Lorem ipsum dolor sit amet, consectetur adipiscing elit. Phasellus quam nisl, sodales id lobortis quis, dapibus quis mauris. Fusce sed placerat risus. Pellentesque imperdiet ex et libero eleifend, ac mattis tortor ultricies. Donec vel ullamcorper purus. Vestibulum dignissim ipsum quis porta finibus.\\n"}}]}', '<h2>Contact</h2>\n<p>Lorem ipsum dolor sit amet, consectetur adipiscing elit. Phasellus quam nisl, sodales id lobortis quis, dapibus quis mauris. Fusce sed placerat risus. Pellentesque imperdiet ex et libero eleifend, ac mattis tortor ultricies. Donec vel ullamcorper purus. Vestibulum dignissim ipsum quis porta finibus.</p>\n', '{"data":[{"type":"image_extended","data":{"file":{"url":"http://property.hoosk.org/images/large_logo.png","filename":"large_logo.png"},"caption":"Hoosk Emblem","source":""}}]}', '<img class="img-responsive" src="http://property.hoosk.org/images/large_logo.png" alt="Hoosk Emblem" />\n', '2014-11-04 01:54:54'),(10, 'News', 'News', '', '', '', '', '2014-12-02 20:47:20');~

CREATE TABLE IF NOT EXISTS `hoosk_page_meta` (`pageID` int(11) NOT NULL,`pageKeywords` text NOT NULL,`pageDescription` text NOT NULL) ENGINE=MyISAM  DEFAULT CHARSET=utf8 DEFAULT COLLATE utf8_general_ci;~

INSERT INTO `hoosk_page_meta` (`pageID`, `pageKeywords`, `pageDescription`) VALUES(1, 'Hoosk Keywords', 'Hoosk Description'),(9, 'Contact', 'Contact'),(10, 'test', 'test');~


CREATE TABLE IF NOT EXISTS `hoosk_sessions` (`id` varchar(40) NOT NULL,`ip_address` varchar(45) NOT NULL,`timestamp` int(10) unsigned DEFAULT 0 NOT NULL,`data` blob NOT NULL,PRIMARY KEY (id),KEY `ci_sessions_timestamp` (`timestamp`));~


CREATE TABLE IF NOT EXISTS `hoosk_post` (`postID` int(11) NOT NULL AUTO_INCREMENT,`postURL` text NOT NULL,`postTitle` text NOT NULL,`postExcerpt` text NOT NULL,`postContentHTML` text NOT NULL,`postContent` text NOT NULL,`postImage` text NOT NULL,`categoryID` int(11) NOT NULL,`datePosted` varchar(100) NOT NULL,`unixStamp` INT(25) NOT NULL,PRIMARY KEY (`postID`)) ENGINE=MyISAM  DEFAULT CHARSET=utf8 DEFAULT COLLATE utf8_general_ci AUTO_INCREMENT=13 ;~

INSERT INTO `hoosk_post` (`postID`, `postURL`, `postTitle`, `postExcerpt`, `postContentHTML`, `postContent`, `postImage`, `categoryID`, `datePosted`) VALUES(1, 'hello_hoosk', 'Hello Hoosk.', 'Brain freeze. Kinda hot in these rhinos. Here she comes to wreck the day. Brain freeze. Excuse me, I''d like to ASS you a few questions.', '<div class=''row''><div class=''col-md-6''><p>Brain freeze. Kinda hot in these rhinos. Here she comes to wreck the day. Brain freeze. Excuse me, I''d like to ASS you a few questions. We''re going for a ride on the information super highway. Your entrance was good, his was better. Kinda hot in these rhinos. It''s because i''m green isn''t it! Here she comes to wreck the day. Alrighty Then Excuse me, I''d like to ASS you a few questions. </p>\n</div><div class=''col-md-6''><p>Your entrance was good, his was better. We got no food we got no money and our pets heads are falling off! Haaaaaaarry. Look at that, it''s exactly three seconds before I honk your nose and pull your underwear over your head. It''s because i''m green isn''t it! Hey, maybe I will give you a call sometime. Your number still 911? Excuse me, I''d like to ASS you a few questions. </p>\n</div></div>', '{"data":[{"type":"columns","data":{"columns":[{"width":6,"blocks":[{"type":"text","data":{"text":"Brain freeze. Kinda hot in these rhinos. Here she comes to wreck the day. Brain freeze. Excuse me, I''d like to ASS you a few questions. We''re going for a ride on the information super highway. Your entrance was good, his was better. Kinda hot in these rhinos. It''s because i''m green isn''t it! Here she comes to wreck the day. Alrighty Then Excuse me, I''d like to ASS you a few questions. \\n"}}]},{"width":6,"blocks":[{"type":"text","data":{"text":"Your entrance was good, his was better. We got no food we got no money and our pets heads are falling off! Haaaaaaarry. Look at that, it''s exactly three seconds before I honk your nose and pull your underwear over your head. It''s because i''m green isn''t it! Hey, maybe I will give you a call sometime. Your number still 911? Excuse me, I''d like to ASS you a few questions. \\n"}}]}],"preset":"columns-6-6"}}]}', 'large_logo.png', 1, '06/12/2014 01:12'),(4, 'me_im_dishonest', 'Me? I''m dishonest', 'A drug person can learn to cope with things like seeing their dead grandmother crawling up their leg with a knife in her teeth. But no one should be asked to handle this trip. Well, then, I confess, it is my intention to commandeer one of these ships, pick up a crew in Tortuga, raid, pillage, plunder and otherwise pilfer my weasely black guts out.', '<div class=''row''><div class=''col-md-6''><p>and a dishonest man you can always trust to be dishonest. Honestly. It''s the honest ones you want to watch out for, because you can never predict when they''re going to do something incredibly... stupid. We are very much alike, you and I, I and you... us. Me? I''m dishonest, and a dishonest man you can always trust to be dishonest. Honestly.</p>\n</div><div class=''col-md-6''><p>It''s the honest ones you want to watch out for, because you can never predict when they''re going to do something incredibly... stupid. We had two bags of grass, seventy&#45;five pellets of mescaline, five sheets of high&#45;powered blotter acid, a saltshaker half&#45;full of cocaine, and a whole galaxy of multi&#45;colored uppers, downers, screamers, laughers...  Holy Jesus. What are these goddamn animals? Do you like my meadow? Try some of my grass! Please have a blade, please do, it''s so delectable and so darn good looking!</p>\n</div></div>', '{"data":[{"type":"columns","data":{"columns":[{"width":6,"blocks":[{"type":"text","data":{"text":"and a dishonest man you can always trust to be dishonest. Honestly. It''s the honest ones you want to watch out for, because you can never predict when they''re going to do something incredibly... stupid. We are very much alike, you and I, I and you... us. Me? I''m dishonest, and a dishonest man you can always trust to be dishonest. Honestly.\\n"}}]},{"width":6,"blocks":[{"type":"text","data":{"text":"It''s the honest ones you want to watch out for, because you can never predict when they''re going to do something incredibly... stupid. We had two bags of grass, seventy\\\\-five pellets of mescaline, five sheets of high\\\\-powered blotter acid, a saltshaker half\\\\-full of cocaine, and a whole galaxy of multi\\\\-colored uppers, downers, screamers, laughers...  Holy Jesus. What are these goddamn animals? Do you like my meadow? Try some of my grass! Please have a blade, please do, it''s so delectable and so darn good looking!\\n"}}]}],"preset":"columns-6-6"}}]}', 'responsive_hoosk.png', 3, '06/12/2014 02:58'),(7, 'yes_i_used_a_machine_gun', 'Yes, I used a machine gun.', 'You wouldn''t hit a man with no trousers on, would you? You''re only supposed to blow the bloody doors off! You know, your bobby dangler, giggle stick, your general-two-colonels, master of ceremonies... Yeah,', '<div class=''row''><div class=''col-md-6''><p>You''re only supposed to blow the bloody doors off! Jasper: Your baby is the miracle the whole world has been waiting for. Yes, I used a machine gun. You know, your bobby dangler, giggle stick, your general&#45;two&#45;colonels, master of ceremonies... Yeah, don''t be shy, let''s have a look. My lord! You''re a tripod. My lord! You''re a tripod. I took a Viagra, got stuck in me throat, I''ve had a stiff neck for hours. When I get back, remind to tell you about the time I took 100 nuns to Nairobi! At this point, I''d set you up with a chimpanzee if it''d brought you back to the world! Pull my finger! It''s not the size mate, it''s how you use it. You wouldn''t hit a man with no trousers on, would you? </p>\n</div><div class=''col-md-6''><p>Your were only supposed to blow the bloody doors off. My lord! You''re a tripod. When I get back, remind to tell you about the time I took 100 nuns to Nairobi! It''s not the size mate, it''s how you use it. At this point, I''d set you up with a chimpanzee if it''d brought you back to the world! </p>\n</div></div>', '{"data":[{"type":"columns","data":{"columns":[{"width":6,"blocks":[{"type":"text","data":{"text":" You''re only supposed to blow the bloody doors off! Jasper: Your baby is the miracle the whole world has been waiting for. Yes, I used a machine gun. You know, your bobby dangler, giggle stick, your general\\\\-two\\\\-colonels, master of ceremonies... Yeah, don''t be shy, let''s have a look. My lord! You''re a tripod. My lord! You''re a tripod. I took a Viagra, got stuck in me throat, I''ve had a stiff neck for hours. When I get back, remind to tell you about the time I took 100 nuns to Nairobi! At this point, I''d set you up with a chimpanzee if it''d brought you back to the world! Pull my finger! It''s not the size mate, it''s how you use it. You wouldn''t hit a man with no trousers on, would you? \\n\\n"}}]},{"width":6,"blocks":[{"type":"text","data":{"text":"Your were only supposed to blow the bloody doors off. My lord! You''re a tripod. When I get back, remind to tell you about the time I took 100 nuns to Nairobi! It''s not the size mate, it''s how you use it. At this point, I''d set you up with a chimpanzee if it''d brought you back to the world! \\n"}}]}],"preset":"columns-6-6"}}]}', 'jumbotron.jpg', 4, '06/12/2014 03:30');~

CREATE TABLE IF NOT EXISTS `hoosk_post_category` (`categoryID` int(11) NOT NULL AUTO_INCREMENT,`categoryTitle` text NOT NULL,`categorySlug` text NOT NULL,`categoryDescription` text NOT NULL,PRIMARY KEY (`categoryID`)) ENGINE=MyISAM  DEFAULT CHARSET=utf8 DEFAULT COLLATE utf8_general_ci AUTO_INCREMENT=6 ;~

INSERT INTO `hoosk_post_category` (`categoryID`, `categoryTitle`, `categorySlug`, `categoryDescription`) VALUES(1, 'Uncategorized', 'uncategorized', 'This is the default category for things that dont quite fit anywhere'),(3, 'Hoosk Updates', 'hoosk_updates', 'Latest hoosk updates'),(4, 'FAQs', 'faqs', 'Hoosk FAQs'),(5, 'Test Category', 'test', 'test');~

CREATE TABLE IF NOT EXISTS `hoosk_user` (`userID` int(11) NOT NULL AUTO_INCREMENT,`userName` varchar(15) NOT NULL,`email` varchar(250) NOT NULL,`password` varchar(250) NOT NULL,`RS` varchar(15) NOT NULL,PRIMARY KEY (`userID`)) ENGINE=MyISAM   DEFAULT CHARSET=utf8 DEFAULT COLLATE utf8_general_ci AUTO_INCREMENT=10 ;~

INSERT INTO `hoosk_user` (`userID`, `userName`, `email`, `password`, `RS`) VALUES('1', 'demo', 'info@hoosk.org', 'c3f7f5b4b72c75ae8acdc352f125534e', '');~

CREATE TABLE IF NOT EXISTS `hoosk_settings`( `siteID` int(11) NOT NULL, `siteTitle` text NOT NULL, `siteDescription` text NOT NULL, `siteLogo` text NOT NULL, `siteTheme` varchar(250) NOT NULL, `siteFooter` text NOT NULL, `siteLang` text NOT NULL, `rightmoveNetworkID` varchar(50) DEFAULT NULL, `rightmovePEMKEY` varchar(50) DEFAULT NULL, `rightmoveSendProperties` int(11) NOT NULL DEFAULT '0', `rightmoveUseLive` int(11) NOT NULL DEFAULT '0', `rightmovePEMFile` varchar(300) DEFAULT NULL) ENGINE=MyISAM DEFAULT CHARSET=utf8;~

INSERT INTO `hoosk_settings`(`siteID`, `siteTitle`, `siteDescription`, `siteLogo`, `siteTheme`, `siteFooter`, `siteLang`, `rightmoveNetworkID`, `rightmovePEMKEY`, `rightmoveSendProperties`, `rightmoveUseLive`, `rightmovePEMFile`) VALUES (0, 'Hoosk Demo 2016', 'Hoosk', 'logo.png', 'default/', '&copy; Hoosk CMS 2016', 'english/', '', '', 0, 0, 'standupguy.pem');~

CREATE TABLE IF NOT EXISTS `hoosk_social` ( `socialName` varchar(250) NOT NULL, `socialLink` varchar(250) NOT NULL,  `socialEnabled` int(11) NOT NULL DEFAULT '0',  UNIQUE KEY `socialName` (`socialName`)) ENGINE=MyISAM DEFAULT CHARSET=utf8;~

INSERT INTO `hoosk_social` (`socialName`, `socialLink`, `socialEnabled`) VALUES ('twitter', 'http://twitter.com/hooskcms', 1),('facebook', '', 0),('google', '', 0),('pinterest', '', 0),('foursquare', '', 0),('linkedin', '', 0),('myspace', '', 0),('soundcloud', '', 0),('spotify', '', 0),('lastfm', '', 0),('youtube', '', 0),('vimeo', '', 0),('dailymotion', '', 0),('vine', '', 0),('flickr', '', 0),('instagram', '', 0),('tumblr', '', 0),('reddit', '', 0),('envato', '', 0),('github', '', 0),('tripadvisor', '', 0),('stackoverflow', '', 0),('persona', '', 0);~

CREATE TABLE IF NOT EXISTS `hoosk_branches` (  `branchID` int(11) NOT NULL AUTO_INCREMENT,  `branchName` varchar(400) COLLATE utf8_unicode_ci NOT NULL,  `branchURL` varchar(300) COLLATE utf8_unicode_ci NOT NULL,  `branchAddress` varchar(400) COLLATE utf8_unicode_ci DEFAULT NULL,  `branchTelephone` varchar(300) COLLATE utf8_unicode_ci DEFAULT NULL,  `branchEmail` varchar(300) COLLATE utf8_unicode_ci DEFAULT NULL,  `branchImage` text COLLATE utf8_unicode_ci,  `branchRightmoveID` int(11) DEFAULT NULL,  PRIMARY KEY (`branchID`)) ENGINE=MyISAM  DEFAULT CHARSET=utf8 COLLATE=utf8_unicode_ci AUTO_INCREMENT=3 ;~

INSERT INTO `hoosk_branches` (`branchID`, `branchName`, `branchURL`, `branchAddress`, `branchTelephone`, `branchEmail`, `branchImage`, `branchRightmoveID`) VALUES (1, 'Test Branch', 'test-branch', '123 Fake Street, Glasgow, G51 1DG', '01212 45454 454', 'branch@hoosk.org', NULL, 157592);~

CREATE TABLE IF NOT EXISTS `hoosk_enquiries` (  `enquiryID` int(11) NOT NULL AUTO_INCREMENT,  `enquiryName` varchar(300) COLLATE utf8_unicode_ci DEFAULT NULL,  `enquiryType` varchar(100) COLLATE utf8_unicode_ci DEFAULT NULL,  `enquiryMessage` text COLLATE utf8_unicode_ci,  `enquiryTelephone` varchar(100) COLLATE utf8_unicode_ci DEFAULT NULL,  `enquiryEmail` varchar(300) COLLATE utf8_unicode_ci DEFAULT NULL,  `enquiryTimestamp` varchar(300) COLLATE utf8_unicode_ci NOT NULL,PRIMARY KEY (`enquiryID`)) ENGINE=MyISAM DEFAULT CHARSET=utf8 COLLATE=utf8_unicode_ci AUTO_INCREMENT=1 ;~

CREATE TABLE IF NOT EXISTS `hoosk_property`( `agent_ref` varchar(200) NOT NULL, `branch_id` int(11) NOT NULL DEFAULT '1', `channel_id` int(11) NOT NULL, `overseas` int(11) NOT NULL, `published` int(11) NOT NULL, `property_type` int(11) NOT NULL, `status` int(11) NOT NULL, `new_home` int(11) NOT NULL, `student_property` int(11) NOT NULL, `house_flat_share` int(11) NOT NULL, `create_date` varchar(250) NOT NULL, `update_date` varchar(250) NOT NULL, `date_available` varchar(200) DEFAULT NULL, `contract_months` int(11) DEFAULT NULL, `minimum_term` int(11) DEFAULT NULL, `let_type` int(11) DEFAULT '1', `house_name_number` varchar(60) NOT NULL, `address_2` varchar(60) DEFAULT NULL, `address_3` varchar(60) DEFAULT NULL, `address_4` varchar(60) NOT NULL, `town` varchar(60) DEFAULT NULL, `postcode_1` varchar(8) NOT NULL, `postcode_2` varchar(8) NOT NULL, `display_address` varchar(120) NOT NULL, `latitude` varchar(50) DEFAULT NULL, `longitude` varchar(50) DEFAULT NULL, `pov_latitude` varchar(50) DEFAULT NULL, `pov_longitude` varchar(50) DEFAULT NULL, `pov_pitch` varchar(60) DEFAULT NULL, `pov_heading` varchar(60) DEFAULT NULL, `pov_zoom` varchar(60) DEFAULT NULL, `price` int(11) NOT NULL, `price_qualifier` int(11) NOT NULL, `deposit` varchar(60) NOT NULL, `administration_fee` varchar(200) NOT NULL, `rent_frequency` int(11) DEFAULT '12', `tenure_type` varchar(60) DEFAULT NULL, `auction` int(11) DEFAULT NULL, `tenure_unexpired_years` int(11) DEFAULT NULL, `price_per_unit_area` int(11) DEFAULT NULL, `price_per_unit_annum` int(11) DEFAULT NULL, `summary` text NOT NULL, `description` text NOT NULL, `features` text, `bedrooms` int(11) NOT NULL, `bathrooms` int(11) DEFAULT NULL, `reception_rooms` int(11) DEFAULT NULL, `furnished_type` int(11) DEFAULT '0', `pets_allowed` int(11) DEFAULT '0', `smokers_considered` int(11) DEFAULT '0', `housing_benefit_considered` int(11) DEFAULT '0', `sharers_considered` int(11) DEFAULT '0', `burglar_alarm` int(11) DEFAULT '0', `washing_machine` int(11) DEFAULT '0', `dishwasher` int(11) DEFAULT '0', `all_bills_inc` int(11) DEFAULT '0', `water_bill_inc` int(11) DEFAULT '0', `gas_bill_inc` int(11) DEFAULT '0', `electricity_bill_inc` int(11) DEFAULT '0', `oil_bill_inc` int(11) DEFAULT '0', `council_tax_inc` int(11) DEFAULT '0', `tv_licence_inc` int(11) DEFAULT '0', `sat_cable_tv_bill_inc` int(11) DEFAULT '0', `internet_bill_inc` int(11) DEFAULT '0', `business_for_sale` int(11) DEFAULT '0', `comm_use_class` int(11) DEFAULT '0', `principal_email_address` varchar(300) DEFAULT NULL, `auto_email_updates` tinyint(1) DEFAULT NULL, `auto_email_when_live` tinyint(1) DEFAULT NULL, `notes` text, `rightmoveStatus` int(11) DEFAULT '0', `rightmove_url` varchar(300) DEFAULT NULL, PRIMARY KEY (`agent_ref`)) ENGINE=MyISAM DEFAULT CHARSET=latin1;~

INSERT INTO `hoosk_property`(`agent_ref`, `branch_id`, `channel_id`, `overseas`, `published`, `property_type`, `status`, `new_home`, `student_property`, `house_flat_share`, `create_date`, `update_date`, `date_available`, `contract_months`, `minimum_term`, `let_type`, `house_name_number`, `address_2`, `address_3`, `address_4`, `town`, `postcode_1`, `postcode_2`, `display_address`, `latitude`, `longitude`, `pov_latitude`, `pov_longitude`, `pov_pitch`, `pov_heading`, `pov_zoom`, `price`, `price_qualifier`, `deposit`, `administration_fee`, `rent_frequency`, `tenure_type`, `auction`, `tenure_unexpired_years`, `price_per_unit_area`, `price_per_unit_annum`, `summary`, `description`, `features`, `bedrooms`, `bathrooms`, `reception_rooms`, `furnished_type`, `pets_allowed`, `smokers_considered`, `housing_benefit_considered`, `sharers_considered`, `burglar_alarm`, `washing_machine`, `dishwasher`, `all_bills_inc`, `water_bill_inc`, `gas_bill_inc`, `electricity_bill_inc`, `oil_bill_inc`, `council_tax_inc`, `tv_licence_inc`, `sat_cable_tv_bill_inc`, `internet_bill_inc`, `business_for_sale`, `comm_use_class`, `principal_email_address`, `auto_email_updates`, `auto_email_when_live`, `notes`, `rightmoveStatus`, `rightmove_url`) VALUES ('TESTPRO2', 1, 1, 0, 0, 12, 1, 0, 0, 0, '11-10-2016 20:35:50', '13-10-2016 21:36:34', '', 0, 0, 0, '76 Waterfoot Street', '', '', '', 'Motherwell', 'ML3', '7QQ', '76 Waterfoot Street, Motherwell', '', '', NULL, NULL, NULL, NULL, NULL, 195000, 0, '', '', 1, NULL, NULL, NULL, NULL, NULL, 'Consectetur adipiscing elit. Duis dictum arcu non accumsan faucibus. Aenean tincidunt risus a orci dictum hendrerit. Suspendisse nec sem turpis. Ut ac felis ut odio congue consectetur sed id ligula. Etiam non velit purus. Lorem ipsum dolor sit amet, consectetur adipiscing elit.', 'Lorem ipsum dolor sit amet, consectetur adipiscing elit. Duis dictum arcu non accumsan faucibus. Aenean tincidunt risus a orci dictum hendrerit. Suspendisse nec sem turpis. Ut ac felis ut odio congue consectetur sed id ligula. Etiam non velit purus. Lorem ipsum dolor sit amet, consectetur adipiscing elit.\r\n\r\n Lorem ipsum dolor sit amet, consectetur adipiscing elit. Duis dictum arcu non accumsan faucibus. Aenean tincidunt risus a orci dictum hendrerit. Suspendisse nec sem turpis. Ut ac felis ut odio congue consectetur sed id ligula. Etiam non velit purus. Lorem ipsum dolor sit amet, consectetur adipiscing elit.', NULL, 3, 1, 1, 0, 0, 0, 0, 0, 0, 0, 0, 0, 0, 0, 0, 0, 0, 0, 0, 0, NULL, NULL, 'callum@standupguy.co.uk', 0, 0, NULL, 0, NULL), ('TESTPRO3', 1, 2, 0, 0, 8, 1, 0, 0, 0, '13-10-2016 21:44:48', '13-10-2016 21:45:38', '28-10-2016', 0, 12, 1, '45 Clifford Street', '', '', '', 'Glasgow', 'G51', '1DG', 'Clifford Street, Glasgow', '', '', NULL, NULL, NULL, NULL, NULL, 699, 0, '699', '', 12, NULL, NULL, NULL, NULL, NULL, 'Vestibulum tincidunt quis nisi fermentum dapibus. Morbi sem diam, porttitor quis facilisis nec, efficitur sit amet leo. Nulla et erat risus. Nullam id dapibus dui.', 'Vestibulum tincidunt quis nisi fermentum dapibus. Morbi sem diam, porttitor quis facilisis nec, efficitur sit amet leo. Nulla et erat risus. Nullam id dapibus dui.\r\n\r\nAenean sollicitudin facilisis fringilla. Vestibulum cursus lorem et sem vulputate condimentum. Aliquam faucibus eros et nisi pretium, et interdum leo ornare. Fusce tincidunt ex ut ex venenatis, et mattis turpis imperdiet. Phasellus eu ante aliquam, sagittis mi sed, condimentum leo. Fusce sollicitudin auctor ultricies. Proin nisl dui, aliquam a vehicula et, mollis non enim. Quisque non quam condimentum, convallis arcu a, vestibulum felis. Donec tortor purus, ultrices vel molestie vel, vehicula consequat nulla. Praesent aliquet magna ut turpis porttitor tempor. Morbi non turpis in augue maximus molestie sit amet sit amet risus. Nulla consectetur, ipsum id blandit congue, nibh nibh tempor quam, nec posuere mi sapien a ante. Phasellus non maximus lacus. Duis in massa interdum, rhoncus odio sed, sollicitudin est.', NULL, 2, 1, 1, 0, 0, 0, 0, 0, 0, 0, 0, 0, 0, 0, 0, 0, 0, 0, 0, 0, NULL, NULL, 'callum@standupguy.co.uk', 0, 0, NULL, 0, NULL), ('TESTPRO1', 1, 1, 0, 0, 12, 1, 0, 0, 0, '11-10-2016 20:33:24', '13-10-2016 21:15:27', '', 0, 0, 0, '123 Home Street', '', '', '', 'Glasgow', 'G1', '1DG', '123 Home Street, Glasgow', '', '', NULL, NULL, NULL, NULL, NULL, 295000, 2, '', '', 1, NULL, NULL, NULL, NULL, NULL, 'Lorem ipsum dolor sit amet, consectetur adipiscing elit. Duis dictum arcu non accumsan faucibus. Aenean tincidunt risus a orci dictum hendrerit. Suspendisse nec sem turpis. Ut ac felis ut odio congue consectetur sed id ligula. Etiam non velit purus. Lorem ipsum dolor sit amet, consectetur adipiscing elit.', 'Lorem ipsum dolor sit amet, consectetur adipiscing elit. Duis dictum arcu non accumsan faucibus. Aenean tincidunt risus a orci dictum hendrerit. Suspendisse nec sem turpis. Ut ac felis ut odio congue consectetur sed id ligula. Etiam non velit purus. Lorem ipsum dolor sit amet, consectetur adipiscing elit. Vivamus porttitor sagittis ullamcorper. Suspendisse aliquet bibendum neque, in vestibulum purus porttitor eget. Aenean libero ligula, porta vitae urna ac, hendrerit pulvinar lacus. Maecenas massa turpis, tempor eget est nec, bibendum placerat tortor. Vestibulum tincidunt quis nisi fermentum dapibus. Morbi sem diam, porttitor quis facilisis nec, efficitur sit amet leo. Nulla et erat risus. Nullam id dapibus dui.\r\n\r\nAenean sollicitudin facilisis fringilla. Vestibulum cursus lorem et sem vulputate condimentum. Aliquam faucibus eros et nisi pretium, et interdum leo ornare. Fusce tincidunt ex ut ex venenatis, et mattis turpis imperdiet. Phasellus eu ante aliquam, sagittis mi sed, condimentum leo. Fusce sollicitudin auctor ultricies. Proin nisl dui, aliquam a vehicula et, mollis non enim. Quisque non quam condimentum, convallis arcu a, vestibulum felis. Donec tortor purus, ultrices vel molestie vel, vehicula consequat nulla. Praesent aliquet magna ut turpis porttitor tempor. Morbi non turpis in augue maximus molestie sit amet sit amet risus. Nulla consectetur, ipsum id blandit congue, nibh nibh tempor quam, nec posuere mi sapien a ante. Phasellus non maximus lacus. Duis in massa interdum, rhoncus odio sed, sollicitudin est.', NULL, 2, 1, 1, 0, 0, 0, 0, 0, 0, 0, 0, 0, 0, 0, 0, 0, 0, 0, 0, 0, NULL, NULL, 'callum@standupguy.co.uk', 0, 0, NULL, 0, NULL);~

CREATE TABLE IF NOT EXISTS `hoosk_property_channel`( `channelID` int(11) NOT NULL AUTO_INCREMENT, `channelName` varchar(40) COLLATE utf8_unicode_ci NOT NULL, PRIMARY KEY (`channelID`)) ENGINE=MyISAM DEFAULT CHARSET=utf8 COLLATE=utf8_unicode_ci AUTO_INCREMENT=3 ;~

INSERT INTO `hoosk_property_channel` (`channelID`, `channelName`) VALUES(1, 'Sales'),(2, 'Letting');~

CREATE TABLE IF NOT EXISTS `hoosk_property_furnished` (  `furnishedID` int(11) NOT NULL,  `furnishedName` varchar(200) NOT NULL,  PRIMARY KEY (`furnishedID`)) ENGINE=MyISAM DEFAULT CHARSET=latin1;~

INSERT INTO `hoosk_property_furnished` (`furnishedID`, `furnishedName`) VALUES (0, 'Furnished'),(1, 'Part-furnished'),(2, 'Unfurnished'),(4, 'Furnished/Unfurnished');~


CREATE TABLE IF NOT EXISTS `hoosk_property_lettype`( `lettypeID` int(11) NOT NULL, `lettypeName` varchar(200) NOT NULL, PRIMARY KEY (`lettypeID`)) ENGINE=MyISAM DEFAULT CHARSET=latin1;~

INSERT INTO `hoosk_property_lettype`(`lettypeID`, `lettypeName`) VALUES (1, 'Long term'), (2, 'Short term'), (4, 'Commercial'), (0, 'Not specified');~

CREATE TABLE IF NOT EXISTS `hoosk_property_media`( `mediaID` int(11) NOT NULL AUTO_INCREMENT, `agent_ref` varchar(200) NOT NULL, `media_type` int(11) NOT NULL, `media_url` text NOT NULL, `caption` text, `sort_order` int(11) NOT NULL, `media_update_date` varchar(100) NOT NULL, PRIMARY KEY (`mediaID`)) ENGINE=MyISAM DEFAULT CHARSET=latin1 AUTO_INCREMENT=1 ;~

INSERT INTO `hoosk_property_media`(`mediaID`, `agent_ref`, `media_type`, `media_url`, `caption`, `sort_order`, `media_update_date`) VALUES (67311, 'TESTPRO3', 1, '/uploads/pexels-photo-88737-large.jpg', '', 3, '13-10-2016 21:45:38'), (67310, 'TESTPRO3', 1, '/uploads/pexels-photo-140982-large1.jpg', '', 2, '13-10-2016 21:45:38'), (67309, 'TESTPRO3', 1, '/uploads/pexels-photo-large2.jpg', '', 1, '13-10-2016 21:45:38'), (67298, 'TESTPRO1', 1, '/uploads/pexels-photo-29910-large1.jpg', '', 3, '13-10-2016 21:15:27'), (67305, 'TESTPRO2', 1, '/uploads/wall-home-deer-large3.jpg', '', 4, '13-10-2016 21:36:34'), (67304, 'TESTPRO2', 1, '/uploads/pexels-photo-77931.jpg', '', 3, '13-10-2016 21:36:34'), (67303, 'TESTPRO2', 1, '/uploads/pexels-photo-1893331.jpg', '', 2, '13-10-2016 21:36:34'), (67302, 'TESTPRO2', 1, '/uploads/table-white-home-interior-large1.jpg', '', 1, '13-10-2016 21:36:34'), (67297, 'TESTPRO1', 1, '/uploads/pexels-photo-29748-large3.jpg', '', 2, '13-10-2016 21:15:27'), (67296, 'TESTPRO1', 1, '/uploads/inside-apartment-design-home-large6.jpg', '', 1, '13-10-2016 21:15:27');~

CREATE TABLE IF NOT EXISTS `hoosk_property_qualifier`( `qualifierID` int(11) NOT NULL, `qualifierName` varchar(230) NOT NULL, PRIMARY KEY (`qualifierID`)) ENGINE=MyISAM DEFAULT CHARSET=latin1;~

INSERT INTO `hoosk_property_qualifier`(`qualifierID`, `qualifierName`) VALUES (16, 'Coming Soon'), (0, 'Default'), (3, 'Fixed Price'), (7, 'From'), (2, 'Guide Price'), (4, 'Offers in excess of'), (5, 'Offers in the Region of'), (10, 'Offers over'), (11, 'Part Buy, Part Rent'), (1, 'POA'), (6, 'Sale by Tender'), (12, 'Shared Equity'), (9, 'Shared Ownership');~

CREATE TABLE IF NOT EXISTS `hoosk_property_rentfrequency`( `rentfrequencyID` int(11) NOT NULL, `rentfrequencyName` varchar(200) NOT NULL, PRIMARY KEY (`rentfrequencyID`)) ENGINE=MyISAM DEFAULT CHARSET=latin1;~

INSERT INTO `hoosk_property_rentfrequency`(`rentfrequencyID`, `rentfrequencyName`) VALUES (1, 'Yearly'), (4, 'Quarterly'), (12, 'Per Month'), (52, 'Per Week'), (365, 'Daily');~

CREATE TABLE IF NOT EXISTS `hoosk_property_rooms`( `roomid` int(11) NOT NULL AUTO_INCREMENT, `room_name` varchar(300) COLLATE utf8_unicode_ci NOT NULL, `room_description` text COLLATE utf8_unicode_ci NOT NULL, `room_length` int(11) NOT NULL, `room_width` int(11) NOT NULL, `room_dimension_unit` varchar(300) COLLATE utf8_unicode_ci NOT NULL, `room_dimensions_text` text COLLATE utf8_unicode_ci NOT NULL, `room_photo_url` text COLLATE utf8_unicode_ci NOT NULL, PRIMARY KEY (`roomid`)) ENGINE=MyISAM DEFAULT CHARSET=utf8 COLLATE=utf8_unicode_ci AUTO_INCREMENT=1 ;~

CREATE TABLE IF NOT EXISTS `hoosk_property_status`( `statusID` int(11) NOT NULL, `statusName` varchar(200) NOT NULL, PRIMARY KEY (`statusID`)) ENGINE=MyISAM DEFAULT CHARSET=latin1;~

INSERT INTO `hoosk_property_status`(`statusID`, `statusName`) VALUES (1, 'Available'), (6, 'Let Agreed'), (5, 'Reserved'), (2, 'SSTC'), (3, 'SSTCM'), (4, 'Under Offer');~

CREATE TABLE IF NOT EXISTS `hoosk_property_type`( `typeID` int(11) NOT NULL, `typeName` varchar(255) NOT NULL, `typeGroupName` varchar(255) NOT NULL, PRIMARY KEY(`typeID`)) ENGINE=MyISAM DEFAULT CHARSET=latin1;~

INSERT INTO `hoosk_property_type`(`typeID`, `typeName`, `typeGroupName`) VALUES (12, 'Bungalow', 'Bungalows'), (15, 'Detached Bungalow', 'Bungalows'), (14, 'Semi-Detached Bungalow', 'Bungalows'), (13, 'Terraced Bungalow', 'Bungalows'), (68, 'Barn', 'Character Property'), (43, 'Barn Conversion', 'Character Property'), (92, 'Castle', 'Character Property'), (101, 'Cave House', 'Character Property'), (25, 'Character Property', 'Character Property'), (104, 'Cortijo', 'Character Property'), (113, 'Country House', 'Character Property'), (53, 'Equestrian Facility', 'Character Property'), (52, 'Farm House', 'Character Property'), (65, 'Gite', 'Character Property'), (141, 'House Boat', 'Character Property'), (118, 'Lodge', 'Character Property'), (119, 'Log Cabin', 'Character Property'), (62, 'Longere', 'Character Property'), (120, 'Manor House', 'Character Property'), (74, 'Mill', 'Character Property'), (140, 'Riad', 'Character Property'), (77, 'Ruins', 'Character Property'), (121, 'Stately Home', 'Character Property'), (116, 'Stone House', 'Character Property'), (71, 'Trulli', 'Character Property'), (134, 'Bar / Nightclub', 'Commercial Property'), (181, 'Business Park', 'Commercial Property'), (83, 'Cafe', 'Commercial Property'), (541, 'Campsite & Holiday Village', 'Commercial Property'), (301, 'Childcare Facility', 'Commercial Property'), (511, 'Coach House', 'Commercial Property'), (244, 'Commercial Development', 'Commercial Property'), (253, 'Commercial Property', 'Commercial Property'), (193, 'Convenience Store', 'Commercial Property'), (256, 'Data Centre', 'Commercial Property'), (217, 'Distribution Warehouse', 'Commercial Property'), (220, 'Factory', 'Commercial Property'), (259, 'Farm', 'Commercial Property'), (196, 'Garage', 'Commercial Property'), (277, 'Guest House', 'Commercial Property'), (199, 'Hairdresser / Barber Shop', 'Commercial Property'), (262, 'Healthcare Facility', 'Commercial Property'), (223, 'Heavy Industrial', 'Commercial Property'), (280, 'Hospitality', 'Commercial Property'), (202, 'Hotel', 'Commercial Property'), (512, 'House of Multiple Occupation', 'Commercial Property'), (247, 'Industrial Development', 'Commercial Property'), (226, 'Industrial Park', 'Commercial Property'), (241, 'Land', 'Commercial Property'), (283, 'Leisure Facility', 'Commercial Property'), (229, 'Light Industrial', 'Commercial Property'), (265, 'Marine Property', 'Commercial Property'), (86, 'Mill', 'Commercial Property'), (268, 'Mixed Use', 'Commercial Property'), (178, 'Office', 'Commercial Property'), (205, 'Petrol Station', 'Commercial Property'), (307, 'Place of Worship', 'Commercial Property'), (208, 'Post Office', 'Commercial Property'), (211, 'Pub', 'Commercial Property'), (271, 'Research & Development Facility', 'Commercial Property'), (250, 'Residential Development', 'Commercial Property'), (80, 'Restaurant', 'Commercial Property'), (187, 'Retail Property (high street)', 'Commercial Property'), (190, 'Retail Property (out of town)', 'Commercial Property'), (274, 'Science Park', 'Commercial Property'), (184, 'Serviced Office', 'Commercial Property'), (137, 'Shop', 'Commercial Property'), (235, 'Showroom', 'Commercial Property'), (304, 'Smallholding', 'Commercial Property'), (538, 'Spa', 'Commercial Property'), (535, 'Sports facilities', 'Commercial Property'), (232, 'Storage', 'Commercial Property'), (298, 'Takeaway', 'Commercial Property'), (310, 'Trade Counter', 'Commercial Property'), (238, 'Warehouse', 'Commercial Property'), (214, 'Workshop & Retail Space', 'Commercial Property'), (28, 'Apartment', 'Flats / Apartments'), (143, 'Block of Apartments', 'Flats / Apartments'), (56, 'Duplex', 'Flats / Apartments'), (8, 'Flat', 'Flats / Apartments'), (7, 'Ground Flat', 'Flats / Apartments'), (10, 'Ground Floor Maisonette', 'Flats / Apartments'), (142, 'Hotel Room', 'Flats / Apartments'), (11, 'Maisonette', 'Flats / Apartments'), (29, 'Penthouse', 'Flats / Apartments'), (144, 'Private Halls', 'Flats / Apartments'), (44, 'Serviced Apartments', 'Flats / Apartments'), (9, 'Studio', 'Flats / Apartments'), (59, 'Triplex', 'Flats / Apartments'), (51, 'Garages', 'Garage / Parking'), (45, 'Parking', 'Garage / Parking'), (49, 'Flat Share', 'House / Flat Share'), (48, 'House Share', 'House / Flat Share'), (24, 'Chalet', 'Houses'), (6, 'Cluster House', 'Houses'), (23, 'Cottage', 'Houses'), (4, 'Detached', 'Houses'), (131, 'Detached Villa', 'Houses'), (2, 'End of Terrace', 'Houses'), (30, 'Finca', 'Houses'), (26, 'House', 'Houses'), (21, 'Link Detached House', 'Houses'), (5, 'Mews', 'Houses'), (3, 'Semi-Detached', 'Houses'), (128, 'Semi-detached Villa', 'Houses'), (1, 'Terraced', 'Houses'), (22, 'Town House', 'Houses'), (27, 'Villa', 'Houses'), (95, 'Village House', 'Houses'), (107, 'Farm Land', 'Land'), (20, 'Land', 'Land'), (125, 'Off-Plan', 'Land'), (110, 'Plot', 'Land'), (117, 'Caravan', 'Mobile / Park Homes'), (16, 'Mobile Home', 'Mobile / Park Homes'), (50, 'Park Home', 'Mobile / Park Homes'), (0, 'Not Specified', 'Not Specified'), (47, 'Retirement Property', 'Retirement Property'), (46, 'Sheltered Housing', 'Retirement Property');~

CREATE TABLE IF NOT EXISTS `hoosk_rightmove_log`( `logID` int(11) NOT NULL AUTO_INCREMENT, `status_code` varchar(30) COLLATE utf8_unicode_ci DEFAULT NULL, `reason_phrase` varchar(30) COLLATE utf8_unicode_ci DEFAULT NULL, `protocol_ver` varchar(30) COLLATE utf8_unicode_ci DEFAULT NULL, `message` text COLLATE utf8_unicode_ci, `error_code` varchar(100) COLLATE utf8_unicode_ci DEFAULT NULL, `error_value` varchar(100) COLLATE utf8_unicode_ci DEFAULT NULL, `error_description` text COLLATE utf8_unicode_ci, `request_timestamp` varchar(100) COLLATE utf8_unicode_ci DEFAULT NULL, `response_timestamp` varchar(100) COLLATE utf8_unicode_ci DEFAULT NULL, `request_id` varchar(100) COLLATE utf8_unicode_ci DEFAULT NULL, `agent_ref` varchar(60) COLLATE utf8_unicode_ci DEFAULT NULL, `change_type` varchar(60) COLLATE utf8_unicode_ci DEFAULT NULL, `rightmove_id` varchar(60) COLLATE utf8_unicode_ci DEFAULT NULL, `rightmove_url` varchar(300) COLLATE utf8_unicode_ci DEFAULT NULL, PRIMARY KEY (`logID`)) ENGINE=MyISAM DEFAULT CHARSET=utf8 COLLATE=utf8_unicode_ci AUTO_INCREMENT=36 ;~

INSERT INTO `hoosk_rightmove_log`(`logID`, `status_code`, `reason_phrase`, `protocol_ver`, `message`, `error_code`, `error_value`, `error_description`, `request_timestamp`, `response_timestamp`, `request_id`, `agent_ref`, `change_type`, `rightmove_id`, `rightmove_url`) VALUES (35, '200', 'OK', '1.1', 'Your property has successfully been removed from Rightmove', NULL, NULL, NULL, '11-10-2016 21:25:34', '11-10-2016 21:25:35', '231301-161011-212534-19735', 'TESTBR08', 'DELETE', '60571439', NULL);~
